"#","Reference","Manufacturer","ManufacturerPN","Value","Qty","DNP","Description"
"1","BAT1","MPD (Memory Protection Devices)","BS-7","BS-7","1","","BATTERY HOLDER COIN 20MM PC PIN"
"2","C11","Samsung Electro-Mechanics","CL21A106KOQNNNE","CAP_CER_10u_16V_X5R_0805","1","",""
"3","C33","YAGEO","CC0603KRX7R7BB105","CAP_CER_1u_16V_X7R_0603","1","",""
"4","C34","Murata Electronics","GRM1885C1H152JA01D","CAP_CER_1500p_50V_NP0_0603","1","",""
"5","C35","Samsung Electro-Mechanics","CL10B332KB8NNNC","CAP_CER_3300p_50V_X7R_0603","1","",""
"6","C36","Samsung Electro-Mechanics","CL10C070CB8NNNC","CAP_CER_7p_50V_NP0_0603","1","",""
"7","C50","YAGEO","CC0805KRX7RYBB472","CAP_CER_4700p_250V_X7R_0805","1","DNP",""
"8","C60","Murata Electronics","GRM21BR71C475KE51L","CAP_CER_4u7_16V_X7R_0805","1","",""
"9","C65","Samsung Electro-Mechanics","CL31B104KEHSFNE","CAP_CER_0u1_250V_X7R_1206","1","","0.1 µF ±10% 250V Ceramic Capacitor X7R 1206 (3216 Metric)"
"10","C1,C2,C53","Murata Electronics","GRM21BR61H475KE51L","CAP_CER_4u7_50V_X5R_0805","3","",""
"11","C15,C17,C20","YAGEO","CC0603KRX5R8BB105","CAP_CER_1u_25V_X5R_0603","3","",""
"12","C21,C26,C37,C42","Samsung Electro-Mechanics","CL21B105KBFNNNE","CAP_CER_1u_50V_X7R_0805","4","",""
"13","C23,C24,C25","Murata Electronics","GRM32ER61A107ME20L","CAP_CER_100u_10V_X5R_1210","3","",""
"14","C29,C30","Samsung Electro-Mechanics","CL31B475KBHNFNE","CAP_CER_4u7_50V_X7R_1206","2","",""
"15","C3,C4,C9,C10,C12,C13,C14,C16,C18,C19,C22,C27,C28,C32,C38,C41,C43,C47,C52,C54,C55,C58,C59,C61,C62,C63,C64","Samsung Electro-Mechanics","CL10B104KB8NNNC","CAP_CER_0u1_50V_X7R_0603","27","",""
"16","C31,C48,C49,C51","Samsung Electro-Mechanics","CL10B103KB8NNNC","CAP_CER_0u01_50V_X7R_0603","4","",""
"17","C39,C40","DNP","DNP","CAP_CER_DNP_1206","2","DNP",""
"18","C44,C45,C46","TDK","C5750X7R2E105K230KA","CAP_CER_1u_250V_X7R_2220","3","","1 µF ±10% 250V Ceramic Capacitor X7R 2220 (5750 Metric)"
"19","C5,C7","YAGEO","CC0603FRNPO9BN270","CAP_CER_27p_50V_NP0_0603","2","",""
"20","C56,C57","Samsung Electro-Mechanics","CL10C470JB8NNNC","CAP_CER_47p_50V_NP0_0603","2","",""
"21","C6,C8","KEMET","CBR06C809B5GAC","CAP_CER_8p_50V_NP0_0603","2","",""
"22","D1","Vishay","ES2GHE3_A/H","D_300V_2A_SMB","1","",""
"23","D4","Texas Instruments","ESD122DMYR","D_TVS_BI_3V6_20W_3-XFDFN","1","",""
"24","D5","Würth Elektronik","150060RS75000","LED_RED_0603","1","",""
"25","D6","STMicroelectronics","ESDA7P60-1U1M","D_TVS_UNI_5V_700W_2-UDFN","1","",""
"26","D7","Everlight","EAST1616RGBB2","LED_RGB_0606","1","",""
"27","D2,D8","Würth Elektronik","150060AS75000","LED_AMBER_0603","2","",""
"28","D3,D9,D10","Würth Elektronik","150060GS75000","LED_GREEN_0603","3","",""
"29","FB1","Würth Elektronik","742792662","FER_1K_0A6_0603","1","",""
"30","FB5","Murata Electronics","BLM18SG330SN1D","FER_33R_6A_0603","1","",""
"31","FB2,FB3,FB4","Murata Electronics","BLM18PG121SH1D","FER_120R_2A_0603","3","",""
"32","J1","Samtec Inc.","FTSH-107-01-L-DV-K-TR","CON_SAMTEC_14P_2R_1m27_P_KEY_FTSH-107-01-L-DV-K-TR","1","",""
"33","J2","GCT","USB4085-GF-A","CONN_USBC_RCPT_USB2.0_USB4085-GF-A","1","",""
"34","L1","Taiyo Yuden","NRS5040T220MMGK","IND_22u_1A4_163m8R_4r9x4r9x4","1","",""
"35","L2","TDK Corporation","VLS5045EX-3R3N","IND_3u3_4A2_35m1R_5x5x4r5","1","",""
"36","N1,N2","","","IN-3","2","DNP",""
"37","N3,N4,N5,N6,N7,N8","","","IN-14","6","DNP",""
"38","Q1","Toshiba","TPH1110FNH,L1Q","NFET_250V_10A_TPH1110FNH,L1Q","1","",""
"39","Q2","onsemi","2N7002KT1G","NFET_60V_0A5_2N7002KT1G","1","",""
"40","R6","YAGEO","RC0603FR-07732RL","RES_732R_1P_1/10W_0603","1","",""
"41","R21","Stackpole Electronics Inc","RMCF0603FT1M00","RES_1M_1P_1/10W_0603","1","DNP",""
"42","R22","Panasonic","ERJ-3EKF7152V","RES_71K5_1P_1/10W_0603","1","DNP",""
"43","R24","Panasonic","ERJ-3EKF6192V","RES_61K9_1P_1/10W_0603","1","",""
"44","R27","YAGEO","RC0603FR-0769K8L","RES_69K8_1P_1/10W_0603","1","",""
"45","R28","Panasonic Electronic Components","ERJ-3EKF1000V","RES_100R_1P_1/10W_0603","1","",""
"46","R29","TE","TLRP2B10DR030FTD","RES_R030_1P_1W_1206","1","",""
"47","R31","YAGEO","RC1206FR-07499KL","RES_499K_1P_1/4W_1206","1","","499 kOhms ±1% 0.25W, 1/4W Chip Resistor 1206 (3216 Metric) Moisture Resistant Thick Film"
"48","R33","YAGEO","RC0603FR-072K8L","RES_2K8_1P_1/10W_0603","1","",""
"49","R40","Stackpole Electronics Inc","RMCF0805ZT0R00","RES_0R_1/8W_0805","1","",""
"50","R43","Stackpole Electronics Inc","RMCF0603FT33K0","RES_33K_1P_1/10W_0603","1","",""
"51","R45","YAGEO","RC1206FR-07499KL","RES_499K_1P_1/4W_0805","1","","499 kOhms ±1% 0.25W, 1/4W Chip Resistor 1206 (3216 Metric) Moisture Resistant Thick Film"
"52","R52","DNP","DNP","RES_DNP_0603","1","",""
"53","R54","YAGEO","RC0603FR-07232KL","RES_232K_1P_1/10W_0603","1","",""
"54","R55","YAGEO","RC0603FR-0726K1L","RES_26K1_1P_1/10W_0603","1","",""
"55","R57","Stackpole Electronics Inc","RMCF0603FT3K30","RES_3K3_1P_1/10W_0603","1","",""
"56","R58","YAGEO","RC0603FR-07499RL","RES_499R_1P_1/10W_0603","1","",""
"57","R68","YAGEO","RC0603FR-079K31L","RES_9K31_1P_1/10W_0603","1","",""
"58","R1,R2,R5,R8,R9,R10,R17,R19,R20,R23,R34,R35,R36,R37,R38,R39,R49,R53,R56,R61,R62,R63","YAGEO","RC0603FR-0710KL","RES_10K_1P_1/10W_0603","22","",""
"59","R11,R12,R13,R14,R15,R16","YAGEO","RC1206FR-0717K4L","RES_17K4_1P_1/4W_1206","6","",""
"60","R3,R4","YAGEO","RC1206FR-07150KL","RES_150K_1P_1/4W_1206","2","",""
"61","R30,R70","DNP","DNP","RES_DNP_1206","2","DNP","DNP 1206"
"62","R41,R42","Vishay Dale","CRCW06035K11FKEAC","RES_5K11_1P_1/10W_0603","2","",""
"63","R44,R46","YAGEO","RC0603FR-074K7L","RES_4K7_1P_1/10W_0603","2","",""
"64","R47,R48","YAGEO","RC0603JR-0727RL","RES_27R_1P_1/10W_0603","2","",""
"65","R50,R59,R67","YAGEO","RC0603FR-071K5L","RES_1K5_1P_1/10W_0603","3","",""
"66","R51,R60,R69","YAGEO","RC0603FR-07698RL","RES_698R_1P_1/10W_0603","3","",""
"67","R64,R65,R66","YAGEO","RC0603FR-0730RL","RES_30R_1P_1/10W_0603","3","",""
"68","R7,R18,R25,R26","Stackpole Electronics Inc","RMCF0603ZT0R00","RES_0R_1/10W_0603","4","",""
"69","S1,S2","C&K","KMR211NG LFS","SW_TACT_KMR211NG LFS","2","","SWITCH TACTILE SPST-NO 0.05A 32V"
"70","SW1","Bourns Inc.","PEC12R-4225F-S0024","ENC_SPST_24PPR_PEC12R-4225F-S0024","1","",""
"71","TP1","Keystone Electronics","5019","RTC","1","",""
"72","TP2","Keystone Electronics","5019","12V","1","",""
"73","TP3","Keystone Electronics","5019","3V3","1","",""
"74","TP4","Keystone Electronics","5019","180V","1","",""
"75","TP5","Keystone Electronics","5019","VBUS","1","",""
"76","TP6","Keystone Electronics","5019","5V","1","",""
"77","U3","STMicroelectronics","STM32F100C4T6B","IC_MCU_STM32F100C4T6B_48LQFP","1","",""
"78","U4","onsemi","MC14504BDTR2G","IC_LVL_ONSEMI_MC14504BDTR2G","1","",""
"79","U5","Texas Instruments","TLV61046ADBVR","REG_SW_BOOST_TI_TLV61046ADBV","1","",""
"80","U6","Texas Instruments","LM51561HPWPR","REG_SW_BOOST_TI_LM51561HPWPR","1","",""
"81","U7","Texas Instruments","LP5907MFX-3.3/NOPB","REG_LDO_3V3_250mA_TI_LP5907MFX-3.3","1","",""
"82","U8","FTDI","FT231XS-U","IC_FTDI_FT231XS","1","",""
"83","U9","Texas Instruments","TPS2552DDBVR","IC_LSW_TI_TPS2552D","1","",""
"84","U1,U2","Microchip Technology","HV5622PG-G","IC_SR_MC_HV5622PG-G","2","",""
"85","X1","ECS Inc.","ECS-80-18-30-JGN-TR","XTAL_8M_20PPM_18pF_ECS-80-18-30-JGN-TR","1","",""
"86","X2","ECS Inc.","ECS-.327-7-34B-C-TR","XTAL_32K768_10PPM_7pF_ECS-.327-7-34B-C-TR","1","",""
